{"cameraMode":{"drawMode":0,"name":"Shaded","section":"Shading Mode"},"sceneLighting":true,"audioPlay":false,"sceneViewState":{"m_AlwaysRefresh":false,"showFog":true,"showSkybox":true,"showFlares":true,"showImageEffects":true,"showParticleSystems":true,"showVisualEffectGraphs":true,"m_FxEnabled":true},"in2DMode":false,"pivot":{"x":0.9983809590339661,"y":3.669529914855957,"z":-1.8904633522033692},"rotation":{"x":0.1885673701763153,"y":0.10498002916574478,"z":-0.020281638950109483,"w":0.9762309789657593},"size":0.2598077356815338,"orthographic":false}